num,name,lastname,mail,gender,street,phone
1,Morlee,Luckes,mluckes0@ted.com,Male,40 Artisan Avenue,3864701105
2,Egor,Lakes,elakes1@chronoengine.com,Male,4500 Schiller Center,4056072808
3,Gabbie,Bust,gbust2@ucoz.ru,Male,667 Pennsylvania Crossing,5342511111
4,Michaeline,Yakutin,myakutin3@yahoo.co.jp,Female,875 Butternut Avenue,6175139191
5,Pierson,Diack,pdiack4@nature.com,Male,2360 Onsgard Terrace,2636871482
6,Selig,Chinn,schinn5@seesaa.net,Male,208 Kingsford Way,4135410993
7,Toddy,Jobern,tjobern6@census.gov,Male,996 Straubel Circle,9316123005
8,Jarad,McClary,jmcclary7@youtu.be,Male,2 Sommers Avenue,7719054243
9,Reinhard,McRobb,rmcrobb8@loc.gov,Male,86 Buell Junction,1567589380
10,Sarina,Bulford,sbulford9@economist.com,Female,40 Daystar Point,7934584005
11,Giovanni,Fielder,gfieldera@fema.gov,Male,2318 Fulton Circle,6214567777
12,Robinia,Slyvester,rslyvesterb@hibu.com,Female,509 Valley Edge Drive,5827170026
13,Launce,Muxworthy,lmuxworthyc@columbia.edu,Male,74 Summerview Road,3075447901
14,Stephanus,Constantinou,sconstantinoud@g.co,Male,52 Warner Drive,6646250720
15,Rosabella,Rosenberger,rrosenbergere@dot.gov,Female,64 Sullivan Way,2184346101
16,Lonny,Tommis,ltommisf@dagondesign.com,Male,27533 Sherman Alley,2588668477
17,Wendie,Foker,wfokerg@sitemeter.com,Female,92 Jenifer Hill,6675635794
18,Sandi,Rack,srackh@photobucket.com,Female,88 5th Center,5687302988
19,Nappie,Chave,nchavei@vistaprint.com,Male,8457 Northridge Junction,8846588359
20,Iver,Bultitude,ibultitudej@over-blog.com,Male,4468 Gulseth Avenue,8193895594
21,Sergeant,Leathard,sleathardk@statcounter.com,Male,12 Manufacturers Parkway,3158470817
22,Clint,Stothert,cstothertl@bloglovin.com,Male,10 1st Road,3633573228
23,Mick,Engley,mengleym@hhs.gov,Male,5336 Everett Alley,2125894628
24,Adolph,Lacer,alacern@photobucket.com,Male,5028 Emmet Trail,5259774028
25,Vally,Keyzor,vkeyzoro@addtoany.com,Female,3 Macpherson Hill,5205605786
26,Read,Hutchence,rhutchencep@biblegateway.com,Male,9303 Northfield Parkway,8843866029
27,Guthrey,Severy,gseveryq@friendfeed.com,Male,6132 Portage Crossing,8618572352
28,Antonella,Penn,apennr@rambler.ru,Female,175 Browning Drive,7142532358
29,Thedric,Budik,tbudiks@businesswire.com,Male,70448 Fulton Street,5303491416
30,Katine,Fossey,kfosseyt@tinypic.com,Female,272 Clarendon Park,1086576288
